Id_Compteur,Lien_image
100003096-353242251,https://filer.eco-counter-tools.com/file/93/e7ffd6c1f64de6795f174d57b2debfe2927909e2be6ff40678bc17d76a982293/Y2H21111072_20240109090418.jpg
100003097-101003097,https://filer.eco-counter-tools.com/file/68/9650354d09a0fcff58ef31b2d8279e7c335dc014659c68a392523406e62d6f68/Q15G5037467_20210811135912.jpg
100003098-101003098,https://filer.eco-counter-tools.com/file/ad/53597f9018bb78ed4018cccaf73e0d792319673f5297297e72b624b221788cad/13305145395420.jpg
100003099-353242239,https://filer.eco-counter-tools.com/file/4e/6cc81a308c3492c1ef051cae7b7f960f8bd564a7cb1de3eef5bcf0bc3c80e84e/Y2111121727_20210811134729.jpg
100006300-101006300,https://filer.eco-counter-tools.com/file/4c/44ca3caef446f2d0daf95d1d603651d16f794169bfb14df76d2afc8daac93b4c/X2H18086316_20211004180732.jpg
100007049-102007049,https://filer.eco-counter-tools.com/file/9b/531a0daddb4be5433a86cb09dc36f92b25c7bd4ea5c93c7c3146181d9625539b/13585075886520.jpg
100036718-104036718,https://filer.eco-counter-tools.com/file/92/8dd0832756788947862701438d96ba9ac1f7524794109c2db14efa91a3e5bc92/Y2H21015068_20220803125012.jpg
100036719-104036719,https://filer.eco-counter-tools.com/file/9d/176068e8b3503f6b68c846ec1741b3a744b56aede12fa81bfc29fa2c82f96d9d/X2H19027732_20190507110918.jpg
100041488-101041488,https://filer.eco-counter-tools.com/file/b4/737b08dc5b9a60fe79446e52c13f833121f3cab8474f5146fbb062870e3dccb4/15144538460760.jpg
100042374-110042374,https://filer.eco-counter-tools.com/file/81/3fa335611bc26cf7cf2ec3822d0618d1ec999581b67ea0e1befd6315ca0a1481/Y2H21025335_20210330155535.jpg
100044493-101044493,https://filer.eco-counter-tools.com/file/c2/fab6a7934a6f5d472a1b4e7f6c68552eca77bc5ac6773eb9472e307729be76c2/15302602919700.jpg
100044494-101044494,https://filer.eco-counter-tools.com/file/93/0f9896bc2167e519ab0b70529ceaeda4f2654ceb86f3b428cae3b1d8ce8ec593/Y2H18034808_20210811095605.jpg
100044495-101044495,https://filer.eco-counter-tools.com/file/43/34d53e202c3a1a82e46f3ac5262239f166ddaf1178d036aa669d9abc79a36843/15302615766480.jpg
100044506-101044506,https://filer.eco-counter-tools.com/file/a3/e7f277e6bb3aaf8444d3aa185f8ab4d4c9a2999e143dca0a6b4e1622174b3aa3/15302610479460.jpg
100047533-101047533,https://filer.eco-counter-tools.com/file/48/4b322b77bb102481b9b6b9e0abfaa448eb9cd56d2705dd36305f48325d561548/15434006878980.jpg
100047534-101047534,https://filer.eco-counter-tools.com/file/a4/e4d34b74d33c9818de831635bd9f92086e23beee685025d284a80345b2642fa4/Y2H20032437_20220802142505.jpg
100047535-101047535,https://filer.eco-counter-tools.com/file/82/d4369f0de2acc2b5c50d71eeb58cba1ac7ef9f09d7bf24be0326fd8b6688e482/Y2H18086311_20200818085845.jpg
100047536-101047536,https://filer.eco-counter-tools.com/file/03/e22cb73a54d7e02b34309861a9184b1d57d842bc4c1c74b21b80b80029cfde03/15765760456770.jpg
100047537-101047537,https://filer.eco-counter-tools.com/file/fa/e4a14c7bb3e2fd41d2c49c023d47041935ca13db82401a0dfa3315112ff1ecfa/Y2H19068860_20220802154418.jpg
100047538-101047538,https://filer.eco-counter-tools.com/file/8c/ba297cff6bb2dff3223a9d55fc76065f5c51c101134d537198b99f01c82f978c/Y2H18086314_20210811102257.jpg
100047539-101047539,https://filer.eco-counter-tools.com/file/86/22afe09d2544d85d66deb0edf62cca114ca8287cf225b246afa67d4efe61d186/15765761696560.jpg
100047540-101047540,https://filer.eco-counter-tools.com/file/67/7fdd8cc312a54f02b9a530729d718611e2de1eb98b33a38a5a92e3f001c78b67/Y2H16110952_20220802150111.jpg
100047541-353326452,https://filer.eco-counter-tools.com/file/2a/799b98880f593cad49159a30639b855596a7b8448fcb43d18a3eb2f84098772a/Y2H18086317_20200818152643.jpg
100047542-103047542,https://filer.eco-counter-tools.com/file/93/a970f47692f2519491ec29d0863c30c8c9ae89aa62f3b95c2c895b4a6b371293/15765767542810.jpg
100047544-101047544,https://filer.eco-counter-tools.com/file/e2/67a5191c2dfb233cf2d098c3a5b5c3e6b3725df56a08a193c4c52a0822d783e2/15765768365460.jpg
100047545-103047545,https://filer.eco-counter-tools.com/file/01/9482b3e7b1f4517f478f7594370730b2d69e48b701059c0a3e9ba0853be15601/Y2H18086321_20220802120348.jpg
100047546-104047546,https://filer.eco-counter-tools.com/file/af/8d9793a8338f5888a56ab67ea454fe23773aea01f5a61eb6f11fd79a72223aaf/Y2H20022165_20220803130223.jpg
100047547-104047547,https://filer.eco-counter-tools.com/file/ce/317e3c94929ed00ede045d6247b24bc57c359ec9726dd6a7c19509e9a793ebce/15433319774680.jpg
100047548-103047548,https://filer.eco-counter-tools.com/file/65/c89d672c4507e44666af5df93d07906e361141365153deee8e160efafd7f0765/Y2H18086324_20210811142925.jpg
100047549-101047549,https://filer.eco-counter-tools.com/file/3b/a8a5b132591c6fa0857cebf4fcd2f616abd70d012c89aa0c290cdac0279f6f3b/15439386038070.jpg
100065336-104065336,
100047551-102047551,https://filer.eco-counter-tools.com/file/e1/46b1df04dc0ed278bbeeb9ad8ea9804feeea54151c0632d7f3186fb1f871cbe1/15439437031740.jpg
100049407-353255860,https://filer.eco-counter-tools.com/file/fd/b8abd0eab5ee234fc661378e4d8959728488c27da4e4f39036fda84a0cbccffd/Y2H19070373_20210224152726.jpg
100049408-101049408,https://filer.eco-counter-tools.com/file/12/5221f3c4c5526dcec2bdcc72f842d4fc5a7c030be0310ffc92cf941b2ffa1412/Y2H18086319_20200818133015.jpg
100050132-101050132,https://filer.eco-counter-tools.com/file/f9/3f9330458af2a298f662a331c4a2ec104d9a2d6859676d4ffd00947a858b89f9/15765763964200.jpg
100050876-103050876,https://filer.eco-counter-tools.com/file/b5/0b7ff66e3691ec45884b7126743451f2bbcbf28529d2ced6a350eaee1bfe33b5/15886904766270.jpg
100056032-101056032,https://filer.eco-counter-tools.com/file/ed/babf22939a058d876774dd43ba068adb041296c7034c5aaf3726a4910e501fed/15729450240160.jpg?filename=15729449148520.jpg
100056034-101056034,https://filer.eco-counter-tools.com/file/37/49b6f30d6516c4cd5e5a623332e95b587ab4fb985316509c84f868fad6966837/Y2H19070336_20210811150744.jpg
100056036-101056036,https://filer.eco-counter-tools.com/file/49/b21663b739de36cb26fd39b3eb732ce8f98aa8a7639e6547e04e19951ede6549/X2H20093888_20210811122303.jpg
100056038-101056038,https://filer.eco-counter-tools.com/file/c1/c8f68c0bbec73d4fd7b0eaa8d23145541a6eb88080702028ee0c4133f6d4d8c1/15724491524180.jpg
100056039-101056039,https://filer.eco-counter-tools.com/file/1e/39acb23835a0756283b5c20a4745183589f84118d4b0eb14a70d590c8c5c9d1e/Y2H19070342_20220803093544.jpg
100056040-101056040,https://filer.eco-counter-tools.com/file/a7/07529397ba10c5606ec0018269e7d0fe0121afd5a0c51d771f8534b008fb6ea7/Y2H19070343_20200818103804.jpg
100056041-101056041,https://filer.eco-counter-tools.com/file/38/48a5f567db211473e616043eb57b6a577731c9e7ea62226d8b5f42cc80c98138/15759129300860.jpg
100056042-101056042,https://filer.eco-counter-tools.com/file/58/0dd4b714bd926802d8e62cbf997d4e50209e9da17720389cfae79d269e545158/Y2H19070354_20220802125154.jpg
100056044-101056044,https://filer.eco-counter-tools.com/file/e5/c3a6eab4d479ad27541e627f543e6dcf8af7b80fba5ad07caf681b2f22b1c1e5/Y2H19070359_20200818105600.jpg
100056045-101056045,https://filer.eco-counter-tools.com/file/7c/a485a52dd32f912b0ada63d3bf91c8f46e0a2fd3ce52be8e432cca36c545f97c/15731324831080.jpg
100056046-101056046,https://filer.eco-counter-tools.com/file/e2/b2a419432fd8c362b8313a45a67ecc3a0fe79831193516ba88e26ca26bead1e2/Y2H19070357_20210811085532.jpg
100056047-101056047,https://filer.eco-counter-tools.com/file/cc/30eecc62b9a3b7944ac2cf0cae13cd28171a629a35b074bea4f4594faafd9bcc/Y2H19070356_20210810190805.jpg
100056223-101056223,https://filer.eco-counter-tools.com/file/09/3bbfdc91a8bc53cb0b3b2933a2be0ec48c2af827b3f20a8454e46bc30d6c1009/15730380158370.jpg
100056225-101056225,https://filer.eco-counter-tools.com/file/90/0cd416d82ee9e5cad9302377ae5a6039926af4ef53dac57112158a4711962b90/Y2H19070367_20200818114109.jpg
100056226-104056226,https://filer.eco-counter-tools.com/file/3d/f3604c6fc7bd61d3c2da6b5f0d595f990815c13ae4d9368f554c22746617fa3d/Y2H19070370_20220803133719.jpg
100056327-103056327,https://filer.eco-counter-tools.com/file/2c/f87451307e942fee90117c8acc84ec7faf4a0108d0d0a09cbf5139fcd9fc322c/Y2H19070372_20220802162140.jpg
100056329-104056329,https://filer.eco-counter-tools.com/file/15/d489ba6fdd21892b6d4001e9964f1aaa1a8b375ea48b7259fb6f8b633d282815/Y2H19070375_20200818174645.jpg
100056330-104056330,https://filer.eco-counter-tools.com/file/9f/b1b1e1192bfc079c65589f8ad74d2604f3a807149d98e18f5e32400ad914c79f/Y2H19070376_20220802145741.jpg
100056331-104056331,https://filer.eco-counter-tools.com/file/39/ae197a8d145055785f3032693f4798009efd7ccd5df6f7df5c5d5679e17c5e39/Y2H19070377_20210810090330.jpg
100056332-103056332,https://filer.eco-counter-tools.com/file/bf/5d25be7abb6053a795e5757fa6a7991172349b917eec4fb8beb9c3ab1296a1bf/Y2H19070378_20220803123443.jpg
100056334-103056334,https://filer.eco-counter-tools.com/file/62/0e0c75a4501eb0b6371e4433951aa7363fd5c611dd001568e240749cf7a29362/Y2H19070380_20210811110713.jpg
100056335-104056335,https://filer.eco-counter-tools.com/file/8a/a852e704555f60f6aecd54c9ad619010d90ab8521a5aa2c2c4f7f2576f3b288a/Y2H19070382_20220802120717.jpg
100056336-106056336,https://filer.eco-counter-tools.com/file/2d/9fb9cbac1a27c6f0bd8fc7cadd113c2193a80dad5ef6839ed5961ea81220ab2d/Y2H19070383_20210810181445.jpg
100057329-104057329,https://filer.eco-counter-tools.com/file/12/afad0fd635a065a418aad9a455f53f21ceeb1a7b0fb409f3563e86d05807fe12/15809064759980.jpg
100057380-104057380,https://filer.eco-counter-tools.com/file/49/325a6d9cb77ac26094e805c6ff68588014831f2116ba47223c5d05be1e84ce49/15809102051320.jpg
100057445-103057445,https://filer.eco-counter-tools.com/file/c5/cadc922eb739be6575dfc1e979d754064559108c9d4c0b198dd96ec80092b7c5/15809119368880.jpg
100060174-101060174,https://filer.eco-counter-tools.com/file/00/6c8dcd9da1b82c4a0ee5ef0d55d551cbfd98350e308fefb0e355b51400ff2c00/Y2H20052701_20200914172629.jpg
100060175-101060175,https://filer.eco-counter-tools.com/file/3f/6e9585e0d558ef03e19b15cb6a50080b50011f0dc1d08de4a5fd01b03bc30b3f/15907463970530.jpg
100060178-102060178,https://filer.eco-counter-tools.com/file/c8/5dcd1195102936554f1569b7d7f572be79c2d2f5c44ae16132d27d5fea2cf8c8/Y2H20052705_20210720160359.jpg
100063175-353277233,https://filer.eco-counter-tools.com/file/9c/fdb1a6cdbf54c554e53093cf5c5bf78236ef7b3a2bd685095990f3a4ed6b899c/Y2H20073268_20210721111351.jpg
100063175-353277235,https://filer.eco-counter-tools.com/file/9c/fdb1a6cdbf54c554e53093cf5c5bf78236ef7b3a2bd685095990f3a4ed6b899c/Y2H20073268_20210721111351.jpg
100063174-101063174,https://filer.eco-counter-tools.com/file/31/beed3279420e3bedf899517a954346e192c3085b837c489b806d0033cc4e4131/16001016352320.jpg
100063173-101063173,https://filer.eco-counter-tools.com/file/76/a332e8cc2252b8830696761e0985ec28aba22a91e619881891cf4429205a5076/Y2H20073266_20210721100118.jpg
300014702-353245972,https://filer.eco-counter-tools.com/file/ea/42ec33606878b15fa6adead8f1f17ad6fbcc1544db9ac98c45bbdfa3e69a8aea/Y2H20114504_20201209121107.jpg
300014702-353245971,https://filer.eco-counter-tools.com/file/ea/42ec33606878b15fa6adead8f1f17ad6fbcc1544db9ac98c45bbdfa3e69a8aea/Y2H20114504_20201209121107.jpg
100056035-353266462,https://filer.eco-counter-tools.com/file/ec/84a9f13955d5d770d03726963cafa37d37ba56e90690831637badffb2766ebec/Y2H19070337_20210810185344.jpg
100056035-353266460,https://filer.eco-counter-tools.com/file/ec/84a9f13955d5d770d03726963cafa37d37ba56e90690831637badffb2766ebec/Y2H19070337_20210810185344.jpg
300021312-353293580,https://filer.eco-counter-tools.com/file/20/c9d85cea2f07f6304a7df7042b0fb4878436ba98c48d76795f5c47df9ec45c20/Y2H21110998_20211129170204.jpg
300021320-353293614,https://filer.eco-counter-tools.com/file/e1/da9c028dd294adcc379cc847cf419b0abedb2e9ee76624725796575cbfea0ce1/Y2H21110997_20211130111422.jpg
300030120-353354985,https://filer.eco-counter-tools.com/file/51/c3011288fb886e8a43a21ddd7bac503d99e6328d42de5a65c16fafff6c5e5751/Y2H22115090_20230124133916.jpg
300030116-353354957,https://filer.eco-counter-tools.com/file/fc/713d5c51df8e25e528b5c6a8a4f4fe427e1c46930e29a7ca92a25079f4ad84fc/Y2H22115091_20230124113442.jpg
300030163-353355237,https://filer.eco-counter-tools.com/file/f7/f98a4f0eabd064ecf320ace76a1dec51d33d29c13ca927d5fb48292e0b8e02f7/Y2H22115093     27 Boulevard Davout.jpg
300030172-353355278,https://filer.eco-counter-tools.com/file/6e/44c933c642769d2faf81bf2260c3cba2d226afd37eb72be2eb2479345e077d6e/Y2H22115095_20230126124246.jpg
300030172-353355277,https://filer.eco-counter-tools.com/file/6e/44c933c642769d2faf81bf2260c3cba2d226afd37eb72be2eb2479345e077d6e/Y2H22115095_20230126124246.jpg
300030279-353356112,https://filer.eco-counter-tools.com/file/a5/d4e6c25819cf9a2561659370155f57680b0bb8f78620207ee45fe105b2b98da5/Y2H22115089_20230202160829.jpg
300030139-353355137,https://filer.eco-counter-tools.com/file/e0/73a8bd9c12482cfb4c0ec5961c7abdf4e8efd443717f2daae15462ed174825e0/Y2H22115092_20230125104511.jpg
300030121-353354988,https://filer.eco-counter-tools.com/file/8b/5503ab3d3356579cc42cca139c620b2b13d610b9768d4f615f6453d3957b008b/Y2H22115087_20230124154401.jpg
300030173-353355292,https://filer.eco-counter-tools.com/file/db/09513ec95d163eb6ce0a1bcef5951e539416362e0ca5ed7c484df8dec42ef3db/Y2H22115077_20230126155031.jpg
300030173-353355291,https://filer.eco-counter-tools.com/file/db/09513ec95d163eb6ce0a1bcef5951e539416362e0ca5ed7c484df8dec42ef3db/Y2H22115077_20230126155031.jpg
300030219-353355786,https://filer.eco-counter-tools.com/file/8a/4b5c75075571a8b7f34603c7deb07bac68b24ede126ea17750ebb71d5354938a/Y2H22115096_20230131153919.jpg
300030219-353355787,https://filer.eco-counter-tools.com/file/8a/4b5c75075571a8b7f34603c7deb07bac68b24ede126ea17750ebb71d5354938a/Y2H22115096_20230131153919.jpg
300030250-353355932,https://filer.eco-counter-tools.com/file/46/318372fbfe463662b956299ed56f39d4fffdf882e04c202de759137a99193e46/Y2H22115076_20230201144628.jpg
300030250-353355931,https://filer.eco-counter-tools.com/file/46/318372fbfe463662b956299ed56f39d4fffdf882e04c202de759137a99193e46/Y2H22115076_20230201144628.jpg
300030160-353355230,https://filer.eco-counter-tools.com/file/e1/36df8223e12aed3b6270af44aa6b56194115a617c4b07e304b518054dcf09ce1/Y2H22115094_20230125170019.jpg
300030271-353356061,https://filer.eco-counter-tools.com/file/c4/fff6c52d5c255ff6c01d6175bc7132ec7badb1806978bee5e0a40f25ee0c8cc4/Y2H22115088_20230202104509.jpg
